name,pbe,bandgap
ALIDIL_ASR,-551.8055648803711,-7.663966178894043
ALIDIL_FSR,-898.6818180084229,-6.8081955909729
